-- ============================================================================
-- DEVELOPMENT ONLY - DO NOT RUN IN PRODUCTION
-- ============================================================================
-- This seed data is intended for local development and testing purposes only.
-- It should NOT be included in production migration runs.
-- 
-- IMPORTANT: The users table has a foreign key reference to auth.users(id).
-- Before running this migration, you must either:
-- 1. Create corresponding entries in auth.users (via Supabase Auth admin API), or
-- 2. Temporarily disable the FK constraint (not recommended), or
-- 3. Use Supabase's seeding mechanism (supabase/seed.sql) instead of migrations.
--
-- In a real Supabase project, use `supabase db seed` or a separate seed script
-- that creates auth.users entries first via the Auth Admin API.
-- ============================================================================

-- Seed data for BDJobs AI marketplace
-- All names are unique Bangladeshi names with no duplicates across entities
-- Salary ranges in BDT: entry 15000-30000, mid 30000-60000, senior 60000-120000

-- Insert job seekers
INSERT INTO users (id, email, full_name, role, phone, location, bio, degree, degree_field, experience_years, skills, languages, preferred_job_categories) VALUES
('a1b2c3d4-1111-4000-8000-000000000001', 'rafiq.ahmed@example.com', 'Rafiq Ahmed', 'jobseeker', '+8801711000001', 'Dhaka', 'Experienced full-stack developer with expertise in React and Node.js', 'bachelors', 'Computer Science', 4, ARRAY['JavaScript', 'TypeScript', 'React', 'Node.js', 'PostgreSQL', 'Docker'], ARRAY['Bengali', 'English'], ARRAY['software-engineering', 'web-development']),
('a1b2c3d4-1111-4000-8000-000000000002', 'fatema.akter@example.com', 'Fatema Akter', 'jobseeker', '+8801711000002', 'Chittagong', 'Data science enthusiast with strong Python and ML background', 'masters', 'Data Science', 3, ARRAY['Python', 'Machine Learning', 'TensorFlow', 'SQL', 'Pandas', 'R'], ARRAY['Bengali', 'English', 'Hindi'], ARRAY['data-science', 'software-engineering']),
('a1b2c3d4-1111-4000-8000-000000000003', 'kamal.hossain@example.com', 'Kamal Hossain', 'jobseeker', '+8801711000003', 'Sylhet', 'Fresh graduate passionate about mobile app development', 'bachelors', 'Software Engineering', 1, ARRAY['Flutter', 'Dart', 'Firebase', 'Java', 'Android'], ARRAY['Bengali', 'English'], ARRAY['mobile-development', 'software-engineering']),
('a1b2c3d4-1111-4000-8000-000000000004', 'nusrat.jahan@example.com', 'Nusrat Jahan', 'jobseeker', '+8801711000004', 'Dhaka', 'UI/UX designer with 5+ years creating digital experiences', 'bachelors', 'Graphic Design', 6, ARRAY['Figma', 'Adobe XD', 'Sketch', 'HTML', 'CSS', 'User Research'], ARRAY['Bengali', 'English'], ARRAY['ui-ux-design', 'graphic-design']),
('a1b2c3d4-1111-4000-8000-000000000005', 'tariq.rahman@example.com', 'Tariq Rahman', 'jobseeker', '+8801711000005', 'Rajshahi', 'DevOps engineer specializing in cloud infrastructure and CI/CD', 'bachelors', 'Computer Engineering', 5, ARRAY['AWS', 'Kubernetes', 'Docker', 'Terraform', 'Linux', 'Jenkins', 'Python'], ARRAY['Bengali', 'English'], ARRAY['devops', 'software-engineering']),
('a1b2c3d4-1111-4000-8000-000000000006', 'tahmina.sultana@example.com', 'Tahmina Sultana', 'jobseeker', '+8801711000006', 'Khulna', 'Digital marketing specialist with expertise in SEO and content strategy', 'bachelors', 'Marketing', 3, ARRAY['SEO', 'Google Analytics', 'Social Media Marketing', 'Content Strategy', 'Copywriting'], ARRAY['Bengali', 'English'], ARRAY['digital-marketing', 'marketing']),
('a1b2c3d4-1111-4000-8000-000000000007', 'nazmul.islam@example.com', 'Nazmul Islam', 'jobseeker', '+8801711000007', 'Gazipur', 'Cybersecurity analyst with experience in penetration testing', 'masters', 'Cybersecurity', 4, ARRAY['Network Security', 'Penetration Testing', 'SIEM', 'Python', 'Linux', 'Wireshark'], ARRAY['Bengali', 'English'], ARRAY['cybersecurity', 'it-support']),
('a1b2c3d4-1111-4000-8000-000000000008', 'sharmin.nahar@example.com', 'Sharmin Nahar', 'jobseeker', '+8801711000008', 'Dhaka', 'Recent commerce graduate looking for finance and accounting roles', 'bachelors', 'Commerce', 0, ARRAY['Excel', 'Financial Analysis', 'QuickBooks', 'Tally'], ARRAY['Bengali', 'English'], ARRAY['accounting', 'finance']),
('a1b2c3d4-1111-4000-8000-000000000009', 'ashraful.alam@example.com', 'Ashraful Alam', 'jobseeker', '+8801711000009', 'Narayanganj', 'Project manager with PMP certification and Agile expertise', 'masters', 'Business Administration', 8, ARRAY['Agile', 'Scrum', 'JIRA', 'MS Project', 'Stakeholder Management', 'Risk Management'], ARRAY['Bengali', 'English', 'Arabic'], ARRAY['project-management', 'operations']),
('a1b2c3d4-1111-4000-8000-000000000010', 'afsana.mimi@example.com', 'Afsana Mimi', 'jobseeker', '+8801711000010', 'Comilla', 'Backend developer experienced in microservices and system design', 'bachelors', 'Information Technology', 3, ARRAY['Java', 'Spring Boot', 'Microservices', 'PostgreSQL', 'Redis', 'RabbitMQ'], ARRAY['Bengali', 'English'], ARRAY['software-engineering', 'web-development']);

-- Insert employers
INSERT INTO users (id, email, full_name, role, phone, location, bio) VALUES
('b2c3d4e5-2222-4000-8000-000000000001', 'mizanur.haque@techventures.example.com', 'Mizanur Haque', 'employer', '+8801811000001', 'Dhaka', 'CEO at TechVentures Bangladesh, building the future of tech'),
('b2c3d4e5-2222-4000-8000-000000000002', 'rabeya.khatun@datasoft.example.com', 'Rabeya Khatun', 'employer', '+8801811000002', 'Dhaka', 'HR Director at DataSoft Systems with 10 years in tech recruitment'),
('b2c3d4e5-2222-4000-8000-000000000003', 'shahin.mridha@greendelta.example.com', 'Shahin Mridha', 'employer', '+8801811000003', 'Chittagong', 'Founder of GreenDelta Solutions, focused on sustainable tech'),
('b2c3d4e5-2222-4000-8000-000000000004', 'dilruba.yasmin@pathao.example.com', 'Dilruba Yasmin', 'employer', '+8801811000004', 'Dhaka', 'Talent Acquisition Lead at Pathao Technologies'),
('b2c3d4e5-2222-4000-8000-000000000005', 'jahangir.kabir@chaldal.example.com', 'Jahangir Kabir', 'employer', '+8801811000005', 'Dhaka', 'CTO at Chaldal Engineering, scaling e-commerce platforms');

-- Insert companies
INSERT INTO companies (id, owner_id, name, description, industry, location, website) VALUES
('c3d4e5f6-3333-4000-8000-000000000001', 'b2c3d4e5-2222-4000-8000-000000000001', 'TechVentures Bangladesh', 'Leading technology company building innovative solutions for Bangladesh and beyond. We specialize in enterprise software and AI-driven products.', 'Information Technology', 'Dhaka', 'https://techventures.example.com'),
('c3d4e5f6-3333-4000-8000-000000000002', 'b2c3d4e5-2222-4000-8000-000000000002', 'DataSoft Systems', 'Premier software development firm delivering cutting-edge data solutions and business intelligence platforms.', 'Software Development', 'Dhaka', 'https://datasoft.example.com'),
('c3d4e5f6-3333-4000-8000-000000000003', 'b2c3d4e5-2222-4000-8000-000000000003', 'GreenDelta Solutions', 'Sustainable technology solutions provider focused on green energy and environmental monitoring systems.', 'Information Technology', 'Chittagong', 'https://greendelta.example.com'),
('c3d4e5f6-3333-4000-8000-000000000004', 'b2c3d4e5-2222-4000-8000-000000000004', 'Pathao Technologies', 'Bangladesh''s leading ride-sharing and logistics technology company, connecting millions of users daily.', 'Logistics', 'Dhaka', 'https://pathao.example.com'),
('c3d4e5f6-3333-4000-8000-000000000005', 'b2c3d4e5-2222-4000-8000-000000000005', 'Chaldal Engineering', 'E-commerce technology company revolutionizing online grocery delivery in Bangladesh with advanced logistics.', 'E-commerce', 'Dhaka', 'https://chaldal.example.com');

-- Insert jobs
INSERT INTO jobs (id, company_id, title, description, requirements, required_skills, preferred_skills, degree_requirement, experience_min, experience_max, job_category, location, salary_min, salary_max, employment_type) VALUES
('d4e5f6a7-4444-4000-8000-000000000001', 'c3d4e5f6-3333-4000-8000-000000000001', 'Senior Full-Stack Developer', 'We are looking for a Senior Full-Stack Developer to join our core platform team. You will be responsible for building scalable web applications using modern frameworks.', 'Strong experience with React, Node.js, and PostgreSQL. Must have experience with microservices architecture.', ARRAY['React', 'Node.js', 'TypeScript', 'PostgreSQL'], ARRAY['Docker', 'AWS', 'GraphQL'], 'bachelors', 4, 8, 'software-engineering', 'Dhaka', 60000, 120000, 'full-time'),
('d4e5f6a7-4444-4000-8000-000000000002', 'c3d4e5f6-3333-4000-8000-000000000001', 'Junior Frontend Developer', 'Join our growing team as a Junior Frontend Developer. Work on exciting UI projects with mentorship from senior engineers.', 'Basic knowledge of React and CSS. Eagerness to learn and grow.', ARRAY['HTML', 'CSS', 'JavaScript', 'React'], ARRAY['TypeScript', 'Tailwind CSS'], 'bachelors', 0, 2, 'web-development', 'Dhaka', 15000, 30000, 'full-time'),
('d4e5f6a7-4444-4000-8000-000000000003', 'c3d4e5f6-3333-4000-8000-000000000002', 'Data Scientist', 'Looking for a talented Data Scientist to build predictive models and derive insights from large datasets.', 'Strong background in statistics, machine learning, and Python programming.', ARRAY['Python', 'Machine Learning', 'SQL', 'TensorFlow'], ARRAY['Deep Learning', 'NLP', 'Spark'], 'masters', 2, 5, 'data-science', 'Dhaka', 50000, 90000, 'full-time'),
('d4e5f6a7-4444-4000-8000-000000000004', 'c3d4e5f6-3333-4000-8000-000000000002', 'Database Administrator', 'Manage and optimize our database infrastructure. Ensure high availability and performance of critical data systems.', 'Experience with PostgreSQL, MySQL, and database optimization techniques.', ARRAY['PostgreSQL', 'MySQL', 'Database Optimization', 'Linux'], ARRAY['MongoDB', 'Redis', 'Cloud Databases'], 'bachelors', 3, 7, 'it-support', 'Dhaka', 45000, 80000, 'full-time'),
('d4e5f6a7-4444-4000-8000-000000000005', 'c3d4e5f6-3333-4000-8000-000000000003', 'Mobile App Developer', 'Build cross-platform mobile applications for our environmental monitoring solutions using Flutter.', 'Experience with Flutter/Dart and mobile app deployment to app stores.', ARRAY['Flutter', 'Dart', 'Firebase', 'REST APIs'], ARRAY['iOS', 'Android', 'CI/CD'], 'bachelors', 1, 4, 'mobile-development', 'Chittagong', 30000, 55000, 'full-time'),
('d4e5f6a7-4444-4000-8000-000000000006', 'c3d4e5f6-3333-4000-8000-000000000003', 'UI/UX Designer', 'Design intuitive interfaces for our web and mobile applications. Conduct user research and create prototypes.', 'Proficiency in Figma or Sketch. Portfolio demonstrating strong design skills.', ARRAY['Figma', 'User Research', 'Prototyping', 'UI Design'], ARRAY['Adobe XD', 'Illustration', 'Motion Design'], 'bachelors', 2, 6, 'ui-ux-design', 'Chittagong', 35000, 60000, 'full-time'),
('d4e5f6a7-4444-4000-8000-000000000007', 'c3d4e5f6-3333-4000-8000-000000000004', 'DevOps Engineer', 'Join our infrastructure team to build and maintain CI/CD pipelines, manage cloud resources, and ensure system reliability.', 'Strong experience with AWS, Kubernetes, and infrastructure as code.', ARRAY['AWS', 'Kubernetes', 'Docker', 'Terraform'], ARRAY['Ansible', 'Prometheus', 'Grafana'], 'bachelors', 3, 7, 'devops', 'Dhaka', 55000, 100000, 'full-time'),
('d4e5f6a7-4444-4000-8000-000000000008', 'c3d4e5f6-3333-4000-8000-000000000004', 'Digital Marketing Manager', 'Lead our digital marketing initiatives including SEO, SEM, social media campaigns, and performance marketing.', 'Proven track record in digital marketing with measurable results.', ARRAY['SEO', 'Google Ads', 'Social Media Marketing', 'Analytics'], ARRAY['Content Strategy', 'Email Marketing', 'A/B Testing'], 'bachelors', 3, 6, 'digital-marketing', 'Dhaka', 40000, 70000, 'full-time'),
('d4e5f6a7-4444-4000-8000-000000000009', 'c3d4e5f6-3333-4000-8000-000000000004', 'Cybersecurity Analyst', 'Protect our systems and user data from security threats. Perform vulnerability assessments and implement security protocols.', 'Experience in network security, threat analysis, and security compliance.', ARRAY['Network Security', 'SIEM', 'Vulnerability Assessment', 'Python'], ARRAY['Penetration Testing', 'SOC Operations', 'ISO 27001'], 'bachelors', 2, 5, 'cybersecurity', 'Dhaka', 45000, 80000, 'full-time'),
('d4e5f6a7-4444-4000-8000-000000000010', 'c3d4e5f6-3333-4000-8000-000000000005', 'Backend Engineer', 'Build robust backend services for our e-commerce platform handling millions of daily orders.', 'Strong experience with Java/Spring Boot or Node.js. Understanding of distributed systems.', ARRAY['Java', 'Spring Boot', 'Microservices', 'PostgreSQL'], ARRAY['Redis', 'Kafka', 'Elasticsearch'], 'bachelors', 2, 5, 'software-engineering', 'Dhaka', 40000, 75000, 'full-time'),
('d4e5f6a7-4444-4000-8000-000000000011', 'c3d4e5f6-3333-4000-8000-000000000005', 'Project Manager', 'Manage cross-functional projects from inception to delivery. Coordinate between engineering, product, and business teams.', 'PMP or equivalent certification preferred. Experience with Agile methodologies.', ARRAY['Agile', 'Scrum', 'JIRA', 'Stakeholder Management'], ARRAY['PMP', 'Risk Management', 'Budget Management'], 'bachelors', 5, 10, 'project-management', 'Dhaka', 60000, 110000, 'full-time'),
('d4e5f6a7-4444-4000-8000-000000000012', 'c3d4e5f6-3333-4000-8000-000000000001', 'QA Engineer Intern', 'Learn quality assurance practices while testing our web and mobile applications. Great opportunity for fresh graduates.', 'Basic understanding of software testing concepts. Attention to detail.', ARRAY['Manual Testing', 'Bug Reporting', 'Test Cases'], ARRAY['Selenium', 'JIRA', 'API Testing'], 'bachelors', 0, 1, 'software-engineering', 'Dhaka', 15000, 20000, 'internship'),
('d4e5f6a7-4444-4000-8000-000000000013', 'c3d4e5f6-3333-4000-8000-000000000003', 'Content Writer', 'Create engaging content for our blog, social media, and marketing materials about environmental technology.', 'Excellent writing skills in English and Bengali. Understanding of SEO principles.', ARRAY['Content Writing', 'SEO', 'Social Media', 'Research'], ARRAY['WordPress', 'Copywriting', 'Video Scripts'], 'bachelors', 1, 3, 'content-writing', 'Chittagong', 20000, 35000, 'full-time'),
('d4e5f6a7-4444-4000-8000-000000000014', 'c3d4e5f6-3333-4000-8000-000000000005', 'Part-time Accounting Assistant', 'Assist with day-to-day accounting tasks including invoice processing, reconciliation, and financial reporting.', 'Degree in Commerce or Accounting. Proficiency in Excel and accounting software.', ARRAY['Excel', 'Financial Analysis', 'Accounting', 'QuickBooks'], ARRAY['Tally', 'SAP', 'Tax Filing'], 'bachelors', 0, 2, 'accounting', 'Dhaka', 15000, 25000, 'part-time'),
('d4e5f6a7-4444-4000-8000-000000000015', 'c3d4e5f6-3333-4000-8000-000000000004', 'React Native Developer', 'Develop and maintain our rider and driver mobile applications built with React Native.', 'Experience building production React Native apps. Understanding of mobile performance optimization.', ARRAY['React Native', 'JavaScript', 'TypeScript', 'Mobile Development'], ARRAY['Redux', 'GraphQL', 'App Store Deployment'], 'bachelors', 2, 5, 'mobile-development', 'Dhaka', 40000, 70000, 'full-time');
